{
    "Skewness": -0.0785884875774342,
    "Maximum": 52.55060577392578,
    "Minimum": 0.04170403629541397,
    "Std. Dev.": 10.798887466949113,
    "Kurtosis": -0.6885923622505046,
    "Mean": 23.44144143548785
}