{
    "Skewness": -0.27857168069594374,
    "Maximum": 29.502376556396484,
    "Minimum": 0.0006198582123033702,
    "Std. Dev.": 10.442645086366545,
    "Kurtosis": -1.446825723529376,
    "Mean": 17.185688779732057
}