{
    "Skewness": 0.9580509551570748,
    "Maximum": 23.46533966064453,
    "Minimum": 9.207761764526367,
    "Std. Dev.": 3.2933688945365134,
    "Kurtosis": 0.605910848229009,
    "Mean": 14.20001409318712
}