{
    "global": [
        22.481162857663488,
        20.01234509157246,
        18.513614235942644,
        17.114490215182663,
        16.08895986379633,
        16.461998365211915,
        15.907252403988382,
        17.315343110312206,
        17.76035011533272,
        17.013257641710943,
        15.778360148711023,
        15.66365421280695,
        15.288834843722757,
        14.642246397607121,
        13.340889746430516,
        13.681893667968021,
        13.289923601324764,
        14.412101732126221,
        15.713983857772337,
        15.71473345310952,
        13.190594249442173,
        13.157007308779088,
        11.702250396108571,
        11.594419184986537,
        11.164743009521763,
        8.714827270617608,
        8.9961569346585826,
        9.2119315590357331,
        8.5642940996017369,
        8.0221018508762185,
        9.7876717449309592,
        10.171909747404511,
        10.238611563495558,
        10.183249113719146,
        11.213954327025631,
        11.641738124302314,
        12.377380706744658,
        11.305151555606562,
        12.824217711459891,
        12.665389027944556,
        12.953966426730307,
        12.537176242792631,
        11.691723876678358,
        10.637764319328307,
        10.168261703726225,
        9.6917793449680758,
        9.560569212991318,
        7.3952859747777673,
        7.4252570638987292,
        6.6502893434275236,
        7.464822484058895,
        9.3871635235312869,
        10.08388634770999,
        10.188490857324563,
        12.161594643031783,
        12.717301076517828,
        13.345983180255757,
        11.929961615252898,
        11.970679685495757,
        12.533893010292495,
        13.227302848168296,
        15.220088525661504,
        16.704215620972835,
        16.702687459834955,
        16.587923309494204,
        16.357952598941331,
        16.118010242960306,
        17.090895003630052,
        16.949308739834322,
        17.47239734676031,
        18.336185461598074,
        19.027457261943439,
        20.342527591114585,
        22.347671593628494,
        22.413667547069295,
        22.338805954222074
    ],
    "cluster_4": [
        22.283138485540331,
        20.701478977223985,
        17.81140957770587,
        16.979334471109251,
        15.097151679499259,
        15.985673168821,
        14.181934399869235,
        15.032420656301081,
        15.518877324368031,
        14.364150958918264,
        12.078263225704402,
        11.950923588046448,
        9.6442546672795313,
        9.9013783908031439,
        8.2426741099488314,
        7.7446145329103953,
        5.8904242220710561,
        6.1638825031982245,
        8.0241684078406674,
        8.3249179333242225,
        6.6892757923849526,
        6.9949386862795917,
        6.896407541385738,
        5.5291513757150454,
        5.3769344655482403,
        5.7614599411143059,
        5.2244602401309326,
        4.7222203260431064,
        5.1745839554352955,
        4.648241290129258,
        4.8638362546530836,
        6.1889453570296,
        6.4529632215030173,
        5.2223336792365354,
        5.4874194415516753,
        5.2263708541515115,
        6.4088404387306701,
        6.571586331143755,
        6.3305935950973637,
        5.2386828967056207,
        6.4919282454025611,
        6.661606355378793,
        6.9113038599780614,
        6.6805208501641333,
        7.573132858480907,
        7.9349941210183923,
        6.8776069367700128,
        5.7780699698487954,
        6.3188893876892287,
        6.0541860726399976,
        7.2374059558542383,
        9.7261101351894119,
        10.334276306887727,
        10.489524074776526,
        11.617742535196188,
        12.164239626913007,
        12.311809760241522,
        11.076493254124635,
        9.9205361366585159,
        10.717499783150268,
        9.6796731813384085,
        10.499366541976132,
        11.316530408919686,
        11.070651014672938,
        11.411470057140404,
        11.110050650618096,
        10.510552175625355,
        10.94475431504001,
        9.3277421420445652,
        8.9316395259254477,
        8.2573735172156422,
        8.5280508394749877,
        9.0594695185296956,
        11.304286025242398,
        9.3012210126903554,
        8.910891340925744
    ],
    "cluster_5": [
        0.96327991073416996,
        0.98510272168195789,
        1.002674381234663,
        0.97946050025715004,
        1.0298299681931384,
        0.98089980406608446,
        0.99483955958140657,
        0.96423309461897677,
        0.97429085461696774,
        0.96429105233192436,
        1.0009264553008113,
        0.96502582127193259,
        0.95359180775884178,
        0.98258636363211305,
        0.98840171276012845,
        0.96932578599915153,
        1.0192585020311418,
        0.96360890726633341,
        0.99782587339364437,
        0.95592585857783186,
        0.9510665734004361,
        1.0128661457613495,
        0.99076054376157752,
        0.94560802740188388,
        0.96763281175575799,
        1.0080144217009115,
        1.0140688290841755,
        0.95821749372202636,
        0.93836899808177865,
        0.9767801905648279,
        0.99665161292367321,
        0.97708372116684228,
        1.01320575109984,
        0.98263166821119841,
        0.97126646134952244,
        0.98786669557539297,
        0.98868413431541746,
        0.96855887417370923,
        0.96103764625244492,
        0.95309932404963982,
        0.93351116899946807,
        1.021758607938245,
        0.96063848886671588,
        0.95984274421203308,
        0.96879551624940052,
        0.98460574272641921,
        0.93865967254579952,
        0.94295900158003376,
        1.0008810321892778,
        0.96024991639735191,
        1.0106518714781147,
        1.0187768489886653,
        0.98151407345237962,
        1.0295737682012915,
        1.0156307277954051,
        0.99712169039065601,
        1.0044724503298781,
        0.96083981914156957,
        0.9921056385894772,
        1.0054361730690038,
        1.0030547138256893,
        1.0145492936477731,
        1.0004911898497719,
        0.97482580906841576,
        0.9800801656931778,
        1.0007272096134776,
        0.97327376896998463,
        0.97345709979648587,
        0.92747848293142088,
        1.0346136161204931,
        0.99704287723813723,
        0.96030292663759109,
        0.95400028946055526,
        0.97630893790021045,
        0.97533144031800401,
        0.9820303513566323
    ],