{
    "Skewness": 0.662095127377261,
    "Maximum": 15.599631309509277,
    "Minimum": 11.439848899841309,
    "Std. Dev.": 1.8469253825357967,
    "Kurtosis": -1.5000000000000009,
    "Mean": 13.006335576375326
}