{
    "Skewness": -0.9995165948280562,
    "Maximum": 39.726104736328125,
    "Minimum": 1.7389085292816162,
    "Std. Dev.": 11.669387909604902,
    "Kurtosis": 0.13219525951216582,
    "Mean": 25.186392426490784
}