{
    "Skewness": 0.9567626638557749,
    "Maximum": 23.525634765625,
    "Minimum": 9.212508201599121,
    "Std. Dev.": 3.301781072329232,
    "Kurtosis": 0.6146597466553763,
    "Mean": 14.259202024671767
}