{
    "Skewness": 0.1503710770993565,
    "Maximum": 37.44164276123047,
    "Minimum": 25.041637420654297,
    "Std. Dev.": 3.857208871020858,
    "Kurtosis": -1.2326934289693976,
    "Mean": 30.83811747233073
}