{
    "Skewness": -0.21226175617919468,
    "Maximum": 25.170991897583008,
    "Minimum": 0.5171166062355042,
    "Std. Dev.": 6.844168825017244,
    "Kurtosis": -0.8135655171954843,
    "Mean": 13.88038565715154
}