{
    "Skewness": 0.025709220856302707,
    "Maximum": 40.55653381347656,
    "Minimum": 1.1658679246902466,
    "Std. Dev.": 8.534535702256463,
    "Kurtosis": 0.3505920593483931,
    "Mean": 17.972915991777956
}